id,data,versao,variante,segmento,resposta,resultado,margem,reclamou,optout,custo,tempo_min,observacao
P0005,2026-01-05,v1,A,pequeno,sim,não,,não,não,1.18,7,
P0006,2026-01-05,v1,A,grande,não,não,,não,não,1.09,5,
P0020,2026-01-05,v1,A,medio,não,não,,não,não,1.39,5,
P0025,2026-01-05,v1,A,medio,não,não,,não,não,1.10,4,
P0026,2026-01-05,v1,A,grande,não,não,,não,não,1.14,4,
P0032,2026-01-05,v1,A,grande,não,não,,não,não,0.77,6,
P0033,2026-01-05,v1,A,pequeno,sim,não,,não,não,0.83,8,
P0040,2026-01-05,v1,A,medio,não,não,,não,não,0.77,5,
P0046,2026-01-05,v1,A,pequeno,sim,não,,não,não,1.16,7,
P0047,2026-01-05,v1,A,pequeno,não,não,,não,não,0.63,5,
P0011,2026-01-06,v1,A,medio,não,não,,não,não,1.33,7,
P0013,2026-01-06,v1,A,pequeno,não,não,,não,não,1.32,6,
P0015,2026-01-06,v1,A,medio,não,não,,não,não,0.91,6,
P0021,2026-01-06,v1,A,pequeno,não,não,,não,não,0.99,3,
P0028,2026-01-06,v1,A,pequeno,não,não,,não,não,1.29,3,
P0030,2026-01-06,v1,A,pequeno,não,não,,não,não,0.97,3,
P0036,2026-01-06,v1,A,pequeno,não,não,,não,não,0.65,4,
P0041,2026-01-06,v1,A,grande,não,não,,não,não,0.73,7,
P0014,2026-01-07,v1,A,pequeno,não,não,,não,não,0.64,3,
P0039,2026-01-07,v1,A,pequeno,não,não,,não,não,1.20,3,
P0043,2026-01-07,v1,A,grande,sim,não,,não,não,1.19,4,
P0044,2026-01-07,v1,A,pequeno,não,não,,não,não,1.28,7,
P0049,2026-01-07,v1,A,pequeno,não,não,,não,não,1.31,6,
P0008,2026-01-08,v1,A,pequeno,não,não,,não,não,0.77,5,
P0010,2026-01-08,v1,A,pequeno,não,não,,não,não,1.15,3,
P0023,2026-01-08,v1,A,grande,não,não,,não,não,1.17,6,
P0031,2026-01-08,v1,A,medio,não,não,,não,não,1.03,3,
P0037,2026-01-08,v1,A,pequeno,não,não,,não,não,1.10,6,
P0045,2026-01-08,v1,A,pequeno,não,não,,não,não,1.26,3,
P0002,2026-01-09,v1,A,pequeno,não,não,,não,não,1.00,3,
P0003,2026-01-09,v1,A,pequeno,não,não,,não,não,1.07,3,
P0007,2026-01-09,v1,A,pequeno,sim,não,,não,não,1.28,3,
P0016,2026-01-09,v1,A,pequeno,não,não,,não,não,0.69,7,
P0027,2026-01-09,v1,A,pequeno,não,não,,não,não,1.23,6,
P0035,2026-01-09,v1,A,medio,sim,não,,não,não,1.34,7,
P0048,2026-01-09,v1,A,medio,não,não,,não,não,1.35,3,
P0050,2026-01-09,v1,A,medio,não,não,,não,não,1.24,4,
P0001,2026-01-10,v1,A,pequeno,não,não,,não,não,0.68,8,
P0009,2026-01-10,v1,A,grande,não,não,,não,não,1.18,4,
P0012,2026-01-10,v1,A,pequeno,não,não,,não,não,0.97,5,
P0018,2026-01-10,v1,A,pequeno,não,não,,não,não,1.30,5,
P0024,2026-01-10,v1,A,medio,não,não,,não,não,0.78,5,
P0029,2026-01-10,v1,A,medio,não,não,,não,não,1.24,3,
P0034,2026-01-10,v1,A,grande,não,não,,não,não,0.84,3,
P0038,2026-01-10,v1,A,medio,não,não,,não,não,1.17,4,
P0042,2026-01-10,v1,A,pequeno,não,não,,não,não,1.13,7,
P0004,2026-01-11,v1,A,medio,não,não,,não,não,1.37,5,
P0017,2026-01-11,v1,A,pequeno,não,não,,não,não,0.96,8,
P0019,2026-01-11,v1,A,medio,não,não,,não,não,1.03,7,
P0022,2026-01-11,v1,A,medio,sim,não,,não,não,1.02,7,
P0085,2026-01-12,v1,A,medio,não,não,,não,não,0.90,8,
P0054,2026-01-13,v1,A,pequeno,não,não,,não,não,0.88,7,
P0056,2026-01-13,v1,A,medio,não,não,,não,não,0.88,5,
P0059,2026-01-13,v1,A,pequeno,sim,não,,não,não,1.28,8,
P0064,2026-01-13,v1,A,medio,não,não,,não,não,0.67,4,
P0068,2026-01-13,v1,A,pequeno,não,não,,não,não,0.80,3,
P0084,2026-01-13,v1,A,medio,não,não,,não,não,0.73,5,
P0086,2026-01-13,v1,A,pequeno,não,não,,não,não,1.22,8,
P0060,2026-01-14,v1,A,medio,não,não,,não,não,1.04,4,
P0080,2026-01-14,v1,A,pequeno,não,não,,não,não,1.20,6,
P0081,2026-01-14,v1,A,medio,não,não,,não,não,1.36,4,
P0088,2026-01-14,v1,A,pequeno,não,não,,não,não,0.99,6,
P0089,2026-01-14,v1,A,medio,não,não,,não,não,1.19,8,
P0090,2026-01-14,v1,A,medio,não,não,,não,não,1.26,7,
P0091,2026-01-14,v1,A,pequeno,não,não,,não,não,0.96,6,
P0093,2026-01-14,v1,A,medio,não,não,,não,não,0.82,3,
P0097,2026-01-14,v1,A,medio,não,não,,não,não,0.75,3,
P0100,2026-01-14,v1,A,pequeno,sim,não,,não,não,1.04,8,
P0051,2026-01-15,v1,A,pequeno,não,não,,não,não,1.24,8,
P0055,2026-01-15,v1,A,medio,não,não,,não,não,1.30,5,
P0057,2026-01-15,v1,A,medio,não,não,,não,não,0.80,8,
P0058,2026-01-15,v1,A,pequeno,não,não,,não,não,1.19,8,
P0061,2026-01-15,v1,A,medio,não,não,,não,não,1.06,6,
P0063,2026-01-15,v1,A,pequeno,não,não,,não,não,1.37,8,
P0067,2026-01-15,v1,A,pequeno,sim,não,,não,não,1.31,6,
P0069,2026-01-15,v1,A,pequeno,não,não,,não,não,0.85,6,
P0072,2026-01-15,v1,A,medio,não,não,,não,não,0.82,5,
P0077,2026-01-15,v1,A,pequeno,não,não,,não,não,1.14,6,
P0062,2026-01-16,v1,A,medio,não,não,,não,não,1.09,5,
P0070,2026-01-16,v1,A,medio,não,não,,não,não,0.96,4,
P0073,2026-01-16,v1,A,pequeno,sim,não,,não,não,0.93,5,
P0074,2026-01-16,v1,A,medio,sim,não,,não,não,1.36,3,
P0079,2026-01-16,v1,A,medio,sim,não,,não,não,0.64,6,
P0083,2026-01-16,v1,A,pequeno,sim,não,,não,não,1.16,5,
P0087,2026-01-16,v1,A,medio,não,não,,não,não,1.03,8,
P0092,2026-01-16,v1,A,medio,não,não,,não,não,0.75,4,
P0094,2026-01-16,v1,A,grande,sim,não,,não,não,1.15,8,
P0099,2026-01-16,v1,A,grande,não,não,,não,não,0.76,4,
P0065,2026-01-17,v1,A,pequeno,não,não,,não,não,1.39,7,
P0071,2026-01-17,v1,A,grande,não,não,,não,não,0.82,7,
P0078,2026-01-17,v1,A,pequeno,não,não,,não,não,0.62,6,
P0082,2026-01-17,v1,A,pequeno,não,não,,não,não,0.80,3,
P0095,2026-01-17,v1,A,medio,não,não,,não,não,1.15,5,
P0096,2026-01-17,v1,A,medio,não,não,,não,não,1.20,5,
P0098,2026-01-17,v1,A,medio,não,não,,não,não,0.99,8,
P0052,2026-01-18,v1,A,pequeno,sim,não,,não,não,0.98,4,
P0053,2026-01-18,v1,A,grande,não,não,,não,não,0.78,8,
P0066,2026-01-18,v1,A,medio,não,não,,não,não,1.17,6,
P0075,2026-01-18,v1,A,grande,não,não,,não,não,0.84,6,
P0076,2026-01-18,v1,A,grande,não,não,,não,não,1.24,4,
P0104,2026-01-19,v1,A,grande,sim,não,,não,não,0.78,7,
P0106,2026-01-19,v1,A,medio,não,não,,não,não,0.77,8,
P0107,2026-01-19,v1,A,pequeno,sim,sim,0.28,não,não,0.83,4,
P0111,2026-01-19,v1,A,medio,não,não,,não,não,1.03,6,
P0112,2026-01-19,v1,A,medio,não,não,,não,não,0.62,4,
P0117,2026-01-19,v1,A,medio,não,não,,não,não,0.92,7,
P0130,2026-01-19,v1,A,medio,não,não,,não,não,1.12,4,
P0131,2026-01-19,v1,A,medio,não,não,,não,não,1.12,5,
P0145,2026-01-19,v1,A,pequeno,não,não,,não,não,0.67,5,
P0101,2026-01-20,v1,A,medio,não,não,,não,não,0.83,6,
P0121,2026-01-20,v1,A,pequeno,sim,não,,não,não,0.69,3,
P0129,2026-01-20,v1,A,medio,sim,não,,não,não,1.30,6,
P0108,2026-01-21,v1,A,medio,não,não,,não,não,1.34,8,
P0128,2026-01-21,v1,A,medio,não,não,,não,não,1.13,8,
P0138,2026-01-21,v1,A,medio,não,não,,não,não,1.04,3,
P0146,2026-01-21,v1,A,medio,sim,sim,0.32,não,não,1.33,4,
P0147,2026-01-21,v1,A,grande,não,não,,não,não,1.30,3,
P0149,2026-01-21,v1,A,pequeno,não,não,,não,não,0.89,8,
P0102,2026-01-22,v1,A,pequeno,não,não,,não,não,0.69,3,
P0103,2026-01-22,v1,A,medio,não,não,,não,não,1.25,5,
P0105,2026-01-22,v1,A,medio,não,não,,não,não,0.84,7,
P0120,2026-01-22,v1,A,grande,não,não,,não,não,1.24,8,
P0123,2026-01-22,v1,A,pequeno,não,não,,não,não,1.01,4,
P0126,2026-01-22,v1,A,medio,não,não,,não,não,0.96,5,
P0139,2026-01-22,v1,A,grande,não,não,,não,não,1.15,6,
P0148,2026-01-22,v1,A,grande,sim,não,,não,não,1.38,7,
P0109,2026-01-23,v1,A,medio,não,não,,não,não,1.12,5,
P0114,2026-01-23,v1,A,pequeno,não,não,,não,não,1.33,4,
P0115,2026-01-23,v1,A,pequeno,não,não,,não,não,0.93,5,
P0119,2026-01-23,v1,A,medio,não,não,,não,não,1.04,5,
P0136,2026-01-23,v1,A,pequeno,não,não,,não,não,1.09,6,
P0137,2026-01-23,v1,A,medio,não,não,,não,não,1.11,6,
P0141,2026-01-23,v1,A,pequeno,não,não,,não,não,0.92,3,
P0142,2026-01-23,v1,A,grande,não,não,,não,não,1.20,5,
P0113,2026-01-24,v1,A,medio,não,não,,não,não,1.14,5,
P0116,2026-01-24,v1,A,pequeno,sim,não,,não,não,0.92,7,
P0122,2026-01-24,v1,A,medio,não,não,,não,não,0.82,6,
P0134,2026-01-24,v1,A,pequeno,não,não,,não,não,0.68,4,
P0135,2026-01-24,v1,A,pequeno,sim,não,,não,não,0.94,4,
P0150,2026-01-24,v1,A,pequeno,não,não,,não,não,1.14,6,
P0110,2026-01-25,v1,A,pequeno,sim,não,,não,não,1.34,6,
P0118,2026-01-25,v1,A,grande,não,não,,não,não,0.75,5,
P0124,2026-01-25,v1,A,pequeno,não,não,,não,não,1.23,5,
P0125,2026-01-25,v1,A,pequeno,não,não,,não,não,1.13,4,
P0127,2026-01-25,v1,A,pequeno,não,não,,não,não,1.22,3,
P0132,2026-01-25,v1,A,medio,não,não,,não,não,1.31,6,
P0133,2026-01-25,v1,A,medio,não,não,,não,não,0.83,4,
P0140,2026-01-25,v1,A,pequeno,não,não,,não,não,0.91,5,
P0143,2026-01-25,v1,A,medio,não,não,,não,não,1.10,8,
P0144,2026-01-25,v1,A,medio,não,não,,não,não,1.32,8,
P0151,2026-01-26,v1,A,medio,não,não,,não,não,1.12,8,
P0166,2026-01-26,v1,A,pequeno,não,não,,não,não,0.90,7,
P0171,2026-01-26,v1,A,medio,não,não,,não,não,1.37,7,
P0173,2026-01-26,v1,A,grande,não,não,,não,não,0.77,8,
P0178,2026-01-26,v1,A,pequeno,não,não,,não,não,0.73,5,
P0180,2026-01-26,v1,A,medio,não,não,,não,não,0.95,5,
P0187,2026-01-26,v1,A,pequeno,sim,não,,não,não,1.30,8,
P0198,2026-01-26,v1,A,pequeno,não,não,,não,não,0.73,5,
P0200,2026-01-26,v1,A,pequeno,não,não,,não,não,1.28,7,
P0181,2026-01-27,v1,A,medio,sim,não,,não,não,0.99,8,
P0184,2026-01-27,v1,A,pequeno,não,não,,não,não,1.24,3,
P0153,2026-01-28,v1,A,grande,sim,não,,não,não,0.90,8,
P0157,2026-01-28,v1,A,pequeno,não,não,,não,não,1.26,3,
P0169,2026-01-28,v1,A,medio,não,não,,não,não,0.85,5,
P0170,2026-01-28,v1,A,grande,não,não,,não,não,0.67,6,
P0172,2026-01-28,v1,A,medio,não,não,,não,não,0.94,8,
P0177,2026-01-28,v1,A,pequeno,não,não,,não,não,0.71,8,
P0182,2026-01-28,v1,A,pequeno,não,não,,não,sim,0.84,4,
P0188,2026-01-28,v1,A,pequeno,não,não,,não,não,1.02,4,
P0190,2026-01-28,v1,A,pequeno,não,não,,não,não,0.74,8,
P0199,2026-01-28,v1,A,pequeno,não,não,,não,não,1.10,5,
P0156,2026-01-29,v1,A,grande,não,não,,não,não,1.04,8,
P0174,2026-01-29,v1,A,pequeno,sim,não,,não,não,1.06,6,
P0185,2026-01-29,v1,A,grande,sim,sim,0.35,não,não,1.06,8,
P0191,2026-01-29,v1,A,medio,não,não,,não,não,1.31,8,
P0193,2026-01-29,v1,A,medio,não,não,,não,não,0.66,6,
P0194,2026-01-29,v1,A,pequeno,não,não,,não,não,1.38,3,
P0196,2026-01-29,v1,A,grande,não,não,,não,não,1.00,3,
P0197,2026-01-29,v1,A,pequeno,não,não,,não,não,1.00,4,
P0161,2026-01-30,v1,A,pequeno,sim,não,,não,não,1.23,4,
P0162,2026-01-30,v1,A,pequeno,sim,sim,0.34,não,não,0.98,5,
P0163,2026-01-30,v1,A,medio,não,não,,não,não,1.18,8,
P0164,2026-01-30,v1,A,pequeno,não,não,,não,não,1.28,6,
P0167,2026-01-30,v1,A,pequeno,não,não,,não,não,0.69,8,
P0195,2026-01-30,v1,A,medio,não,não,,não,não,1.19,3,
P0154,2026-01-31,v1,A,grande,não,não,,não,não,0.93,3,
P0158,2026-01-31,v1,A,pequeno,não,não,,não,não,0.87,4,
P0165,2026-01-31,v1,A,pequeno,não,não,,não,não,0.86,4,
P0168,2026-01-31,v1,A,grande,não,não,,não,não,1.31,6,
P0176,2026-01-31,v1,A,medio,não,não,,não,não,0.85,5,
P0179,2026-01-31,v1,A,pequeno,não,não,,não,não,0.72,7,
P0186,2026-01-31,v1,A,pequeno,sim,sim,0.31,não,não,1.27,5,
P0192,2026-01-31,v1,A,grande,não,não,,não,não,0.95,6,
P0152,2026-02-01,v1,A,medio,não,não,,não,não,0.64,3,
P0155,2026-02-01,v1,A,medio,não,não,,não,não,0.90,6,
P0159,2026-02-01,v1,A,medio,sim,não,,não,não,1.30,5,
P0160,2026-02-01,v1,A,pequeno,não,não,,sim,não,0.72,4,
P0175,2026-02-01,v1,A,medio,não,não,,não,não,1.05,7,
P0183,2026-02-01,v1,A,pequeno,não,não,,não,sim,1.20,4,
P0189,2026-02-01,v1,A,pequeno,não,não,,não,não,0.79,4,
